,Raw Kompascom,Clean Kompascom,Raw Pikiranrakyat,Clean Pikiranrakyat
0,Rangkaian pekan ke-14 LaLiga atau kompetisi teratas Liga Spanyol musim 2020-2021 akan kembali tersaji pada akhir pekan ini. https://t.co/tmJjJ7vaoK,rangkaian pekan ke laliga atau kompetisi teratas liga spanyol musim akan kembali tersaji pada akhir pekan ini httpstcotmjjjvaok,"Tegas Pernyataan Ansor, Ini Penjelasan Gus Yaqut Soal 6 Laskar FPI yang Tewas Didor di Tol https://t.co/PbuafqkK5u",tegas pernyataan ansor ini penjelasan gus yaqut soal laskar fpi yang tewas didor di tol httpstcopbuafqkku
1,Drama Korea bergenre thriller ini mengisahkan tentang siswa SMA bernama Cha Hyun Soo (Song Kang) yang pindah ke apartemen kecil setelah keluarganya meninggal akibat kecelakaan mobil - #Hype https://t.co/MNycNPlH93,drama korea bergenre thriller ini mengisahkan tentang siswa sma bernama cha hyun soo song kang yang pindah ke apartemen kecil setelah keluarganya meninggal akibat kecelakaan mobil hype httpstcomnycnplh,"Soroti Demo 1812 di Tengah Pandemi, Wagub Riza Patria Sarankan Pendemo Tempuh Jalur Hukum https://t.co/DykIBE6Ybz",soroti demo di tengah pandemi wagub riza patria sarankan pendemo tempuh jalur hukum httpstcodykibeybz
2,"Sebanyak enam petugas Puskesmas Langgudu, Kabupaten Bima, Nusa Tenggara Barat (NTB) dinyatakan positif terpapar virus corona atau Covid-19. https://t.co/ms2cA8avW2",sebanyak enam petugas puskesmas langgudu kabupaten bima nusa tenggara barat ntb dinyatakan positif terpapar virus corona atau covid httpstcomscaavw,DPR Dorong Pemerintah Terbitkan Regulasi Vaksin Sesegera Mungkin https://t.co/38sNOqpgVp,dpr dorong pemerintah terbitkan regulasi vaksin sesegera mungkin httpstcosnoqpgvp
3,Adapun yang digugat adalah Pasal 30 tentang pidana bagi orang yang menolak vaksinasi Covid-19 - #Megapolitan https://t.co/pDX0YAKNzY,adapun yang digugat adalah pasal tentang pidana bagi orang yang menolak vaksinasi covid megapolitan httpstcopdxyaknzy,"3 Fakta yang Harus Diketahui Jika Kamu Tim Su Ho di True Beauty, Cha Eun-woo Dijuluki Seperti Ikan https://t.co/L1GxGWySQ2",fakta yang harus diketahui jika kamu tim su ho di true beauty cha eunwoo dijuluki seperti ikan httpstcolgxgwysq
4,Polisi mengungkapkan metode pendanaan yang digunakan oleh kelompok Jamaah Islamiyah (JI). https://t.co/edrenm0miq,polisi mengungkapkan metode pendanaan yang digunakan oleh kelompok jamaah islamiyah ji httpstcoedrenmmiq,"Dugaan Pelanggaran oleh Camat, Kades, dan Kasatpol PP di Pilkada Tasikmalaya Masuk Penyidikan Polres https://t.co/hKUwCEschR",dugaan pelanggaran oleh camat kades dan kasatpol pp di pilkada tasikmalaya masuk penyidikan polres httpstcohkuwceschr
5,RT @kompasiana: Dik https://t.co/gfjQtYfREp,rt kompasiana dik httpstcogfjqtyfrep,"3 Fakta yang Harus Diketahui Jika Kamu Tim Su Ho, Cha Eun-woo Ternyata Sempat Dijuluki Seperti Ikan https://t.co/c1LkEzdvWZ",fakta yang harus diketahui jika kamu tim su ho cha eunwoo ternyata sempat dijuluki seperti ikan httpstcoclkezdvwz
6,RT @kompasiana: Budaya Bahasa Lokal sebagai Jembatan Persatuan bagi Identitas Bangsa https://t.co/Qd38xOfpoJ,rt kompasiana budaya bahasa lokal sebagai jembatan persatuan bagi identitas bangsa httpstcoqdxofpoj,Prediksi OJK sebut 2021 Bisnis Asuransi akan Jauh Lebih Baik https://t.co/184E96htiL,prediksi ojk sebut bisnis asuransi akan jauh lebih baik httpstcoehtil
7,Kerja sama tersebut dilakukan untuk mengembangkan solusi inovatif perancangan kota yang berkelanjutan. https://t.co/kjJQRqMHlS,kerja sama tersebut dilakukan untuk mengembangkan solusi inovatif perancangan kota yang berkelanjutan httpstcokjjqrqmhls,"Punya Banyak Aset Tapi Pilih Tinggal di Indekos, Denny Sumargo: Takut Orang-orang Jadi Iri Hati https://t.co/F83qCUMDB2",punya banyak aset tapi pilih tinggal di indekos denny sumargo takut orangorang jadi iri hati httpstcofqcumdb
8,"Mambruk Hotel &amp; Convention Anyer, Banten, memperoleh Sertifikasi CHSE dari Kementerian Pariwisata dan Ekonomi Keratif. https://t.co/TNJ928YVBT",mambruk hotel amp convention anyer banten memperoleh sertifikasi chse dari kementerian pariwisata dan ekonomi keratif httpstcotnjyvbt,"Waspadai Penularan Covid-19, Wagub DKI Jakarta Sarankan Pendukung Habib Rizieq Tempuh Jalur Hukum https://t.co/wUVs2Vcg6j",waspadai penularan covid wagub dki jakarta sarankan pendukung habib rizieq tempuh jalur hukum httpstcowuvsvcgj
9,Michael Owen memandang Setan Merah sebagai tim dengan serangan balik paling mematikan di Liga Inggris usai mereka mengalahkan Sheffield United 2-3. https://t.co/ExF7V8Xy1X,michael owen memandang setan merah sebagai tim dengan serangan balik paling mematikan di liga inggris usai mereka mengalahkan sheffield united httpstcoexfvxyx,Apa yang Terjadi jika Cuitan Politisi PDIP jadi Kenyataan? Tangkap atau Tembak Mati Massa Aksi 1812 https://t.co/Lkf5YjCASc,apa yang terjadi jika cuitan politisi pdip jadi kenyataan tangkap atau tembak mati massa aksi httpstcolkfyjcasc
10,Tiga daerah akan menjadi tuan rumah pada pergelaran Pekan Olahraga Daerah Jawa Barat (Porda Jabar) 2022. https://t.co/WllP3ZHwY3,tiga daerah akan menjadi tuan rumah pada pergelaran pekan olahraga daerah jawa barat porda jabar httpstcowllpzhwy,"Berdasarkan keterangan pada situs Down Detector, hingga pukul 19.48 WIB sudah ada lebih dari 450 orang pengguna Instagram yang melaporkan gangguan pada aplikasi berbagi foto dan video tersebut.(PR) https://t.co/eOc8lGYO9w",berdasarkan keterangan pada situs down detector hingga pukul wib sudah ada lebih dari orang pengguna instagram yang melaporkan gangguan pada aplikasi berbagi foto dan video tersebutpr httpstcoeoclgyow
11,RT @kompasiana: Tips Mengatasi Rasa Bosan Selama Kuliah Daring https://t.co/WvU8PqA8rL,rt kompasiana tips mengatasi rasa bosan selama kuliah daring httpstcowvupqarl,"Waspadai Tujuh Gejala Ringan yang Kerap Muncul pada Pasien dengan Virus Corona Covid-19

https://t.co/Zl85uUnfJV

#pandemi #corona #covid19 #lawancorona #lawancovid19 #ingatpesanibu #3m #pakaimasker",waspadai tujuh gejala ringan yang kerap muncul pada pasien dengan virus corona covid httpstcozluunfjv pandemi corona covid lawancorona lawancovid ingatpesanibu m pakaimasker
12,"RT @kompasiana: Tanah: ""Ibuku, Ibumu, Ibu Kita. Mari, Mencintainya"" https://t.co/7RWvOPArbu",rt kompasiana tanah ibuku ibumu ibu kita mari mencintainya httpstcorwvoparbu,Polisi Pukul Mundur Massa hingga Tangkap Oknum dalam Aksi Demo 1812 https://t.co/fpbtXYRb83,polisi pukul mundur massa hingga tangkap oknum dalam aksi demo httpstcofpbtxyrb
13,RT @kompasiana: Anda Sering Grogi? Ini 3 Alasan Grogi Itu Penting https://t.co/0HFgsROd61,rt kompasiana anda sering grogi ini alasan grogi itu penting httpstcohfgsrod,"Tindak Tegas Bubar Paksa Demo 1812, Kapolda: Keselamatan Rakyat Jadi Prioritas https://t.co/M2LAvXoxd1",tindak tegas bubar paksa demo kapolda keselamatan rakyat jadi prioritas httpstcomlavxoxd
14,RT @kompasiana: Tepat Setengah Abad https://t.co/h29YxbZEHJ,rt kompasiana tepat setengah abad httpstcohyxbzehj,"Punya Banyak Aset Tapi Pilih Tinggal di Kos-kosan, Denny Sumargo: Takut Orang-orang Jadi Iri Hati https://t.co/YPHV7pKAM8",punya banyak aset tapi pilih tinggal di koskosan denny sumargo takut orangorang jadi iri hati httpstcoyphvpkam
15,"RT @kompasiana: Gagal ke Bali, Usai Adanya Kebijakan Swab CPR, Jangan Menyesal https://t.co/wbrvlPGJ6B",rt kompasiana gagal ke bali usai adanya kebijakan swab cpr jangan menyesal httpstcowbrvlpgjb,Cari Tahu Spesifikasi Lengkap dari Samsung Galaxy A50 https://t.co/BxlyPVYhPe,cari tahu spesifikasi lengkap dari samsung galaxy a httpstcobxlypvyhpe
16,"National Museum of African American Music akan dibuka mulai Januari 2021, dengan koleksi seputar sejarah musik Afrika-Amerika dan pengaruhnya di dunia https://t.co/vYo2tVHf2Y",national museum of african american music akan dibuka mulai januari dengan koleksi seputar sejarah musik afrikaamerika dan pengaruhnya di dunia httpstcovyotvhfy,"Kerap Suarakan Provokasi, Satu Kendaraan dalam Demo 1812 Diamankan Pihak Kepolisian https://t.co/nX4lYiW8FB",kerap suarakan provokasi satu kendaraan dalam demo diamankan pihak kepolisian httpstconxlyiwfb
17,"Terbangun dari mimpinya, Rey langsung ke kamar mandi dan mencari hasil test pack Dinda - #Hype https://t.co/MmjL3ZpGbc",terbangun dari mimpinya rey langsung ke kamar mandi dan mencari hasil test pack dinda hype httpstcommjlzpgbc,"Pertama Kali, WhatsApp Uji Coba Video Call dan Panggilan Suara di WhatsApp Web atau versi Desktop https://t.co/QOfvByfW4t",pertama kali whatsapp uji coba video call dan panggilan suara di whatsapp web atau versi desktop httpstcoqofvbyfwt
18,"5. Selain itu nama Wali Kota Solo FX Hadi Rudyatmo juga menjadi perbincangan hangat di media sosial terkait tawaran untuk mengisi posisi Menteri Sosial. | #ReshuffleKabinet #Jokowi 

https://t.co/oo4BtHeuIq",selain itu nama wali kota solo fx hadi rudyatmo juga menjadi perbincangan hangat di media sosial terkait tawaran untuk mengisi posisi menteri sosial reshufflekabinet jokowi httpstcooobtheuiq,"Tegas Tolak Demo 1812, Kapolda Metro Jaya Ambil Tindakan atas Nama Hukum Tertinggi https://t.co/25eUDVfKBF",tegas tolak demo kapolda metro jaya ambil tindakan atas nama hukum tertinggi httpstcoeudvfkbf
19,"Juru Bicara Vaksinasi Covid-19 dari Kemenkes) Siti Nadia Tarmizi mengatakan, vaksin diberikan gratis kepada masyarakat dan tanpa syarat. https://t.co/YllAsVPIdR",juru bicara vaksinasi covid dari kemenkes siti nadia tarmizi mengatakan vaksin diberikan gratis kepada masyarakat dan tanpa syarat httpstcoyllasvpidr,"Soroti Demo 1812, DPR RI: Waspadai Kemunculan Klaster Baru Covid-19 https://t.co/u1RKHMmm0Z",soroti demo dpr ri waspadai kemunculan klaster baru covid httpstcourkhmmmz
20,"Jorge Mario Bergoglio, nama aslinya, sering dinilai sebagai pendobrak doktrin tradisional gereja melalui pandangan-pandangannya. https://t.co/gBKUy9eQRT",jorge mario bergoglio nama aslinya sering dinilai sebagai pendobrak doktrin tradisional gereja melalui pandanganpandangannya httpstcogbkuyeqrt,"Gelar Operasi Kemanusiaan, Polda Metro Jaya Akan Rapid Test Semua Peserta Aksi 1812
#Aksi1812 #Polda #Demo

Selengkapnya: https://t.co/aNz4w4eSJg via @YouTube",gelar operasi kemanusiaan polda metro jaya akan rapid test semua peserta aksi aksi polda demo selengkapnya httpstcoanzwesjg via youtube
21,"Hakim Distrik AS Paul Maloney memenangkan David Werking, yang mengatakan bahwa orangtuanya tidak berhak membuang koleksi pornografinya. https://t.co/AODeeHzqI8",hakim distrik as paul maloney memenangkan david werking yang mengatakan bahwa orangtuanya tidak berhak membuang koleksi pornografinya httpstcoaodeehzqi,"Ucapan Presiden Jokowi Jadi 'Tameng', Kapolda Metro Jaya Makin Berani Bubarkan Aksi 1812 https://t.co/MtiWl9ZHEk",ucapan presiden jokowi jadi tameng kapolda metro jaya makin berani bubarkan aksi httpstcomtiwlzhek
22,Salah satu video menunjukkan seorang pria di dalam mobil melepas bajunya dan menuju kursi penumpang. https://t.co/oN6acd7Tfw,salah satu video menunjukkan seorang pria di dalam mobil melepas bajunya dan menuju kursi penumpang httpstcoonacdtfw,Ilmuwan Perkirakan Tak Ada Kondisi Normal Pascapandemi di Prancis Sebelum Musim Gugur 2021 https://t.co/gcI9ntvEar,ilmuwan perkirakan tak ada kondisi normal pascapandemi di prancis sebelum musim gugur httpstcogcintvear
23,"""Kami menolak penetapan itu, karena pada dasarnya atau seharusnya penetapan itu dilakukan dengan cara-cara yang jujur dan adil,"" ujar Denny Indrayana. https://t.co/geqNN5p9go",kami menolak penetapan itu karena pada dasarnya atau seharusnya penetapan itu dilakukan dengan caracara yang jujur dan adil ujar denny indrayana httpstcogeqnnpgo,"Produk UMKM BRI Kian Beragam, Sinyal Ekonomi Kreatif Makin Berkembang https://t.co/77KDvElYZl",produk umkm bri kian beragam sinyal ekonomi kreatif makin berkembang httpstcokdvelyzl
24,"Syarifuddin pun tidak bisa mengikuti anjuran Satgas Covid-19 untuk menutup sementara kantor, karena pihak Bank Sulselbar sudah melakukan sterilisasi. https://t.co/c6jKexuWp7",syarifuddin pun tidak bisa mengikuti anjuran satgas covid untuk menutup sementara kantor karena pihak bank sulselbar sudah melakukan sterilisasi httpstcocjkexuwp,"Berkat Pesonanya, Jungkook BTS Masuk dalam Jajaran 'Pria Terseksi 2020' Versi Majalah Italia https://t.co/ZHZWAJUJ0O",berkat pesonanya jungkook bts masuk dalam jajaran pria terseksi versi majalah italia httpstcozhzwajujo
25,"4. Wali Kota Surabaya Tri Rismaharini digadang-gadang akan menduduki kursi Menteri Sosial menggantikan Juliari P Batubara. | #ReshuffleKabinet #Jokowi 
https://t.co/gZc6jT8Pxl.",wali kota surabaya tri rismaharini digadanggadang akan menduduki kursi menteri sosial menggantikan juliari p batubara reshufflekabinet jokowi httpstcogzcjtpxl,"Jokowi Jadi Orang Pertama Penerima Vaksin Corona, LaNyalla: Teladan yang Baik https://t.co/8iFFm1jJ4r",jokowi jadi orang pertama penerima vaksin corona lanyalla teladan yang baik httpstcoiffmjjr
26,"RT @kompasiana: Google Nomor 1, Bukan Satu-satunya https://t.co/nkE4EZMjW0",rt kompasiana google nomor bukan satusatunya httpstconkeezmjw,"Jokowi Dapat Ancaman saat Ada Aksi 1812, 2 Tahun Lalu Viral akan Didor sekarang 3 Anak Pamer Samurai https://t.co/plIUjFg0ap",jokowi dapat ancaman saat ada aksi tahun lalu viral akan didor sekarang anak pamer samurai httpstcopliujfgap
27,RT @kompasiana: Catatan dari Kelas Menulis Bersama KPB dan Khrisna Pabichara https://t.co/dZtzsHKLJN,rt kompasiana catatan dari kelas menulis bersama kpb dan khrisna pabichara httpstcodztzshkljn,"Soal Oknum Peserta Demo 1812 yang Bawa Ganja dan Samurai, Polisi: Ada Anggota yang Terluka https://t.co/o7ihcUChu9",soal oknum peserta demo yang bawa ganja dan samurai polisi ada anggota yang terluka httpstcooihcuchu
28,"RT @kompasiana: Minta Jokowi Mundur, Amien Rais Lupa Diri? https://t.co/gmS7T0VOsv",rt kompasiana minta jokowi mundur amien rais lupa diri httpstcogmstvosv,"Di Tengah Demo 1812, Polda Metro Jaya Sengaja Hadirkan 'Raisa' untuk Bantu Pukul Mundur Massa https://t.co/dvPnM9JjLU",di tengah demo polda metro jaya sengaja hadirkan raisa untuk bantu pukul mundur massa httpstcodvpnmjjlu
29,"RT @kompasiana: Covid-19, Sebuah Pandemi Perusak Kebahagiaan Suporter https://t.co/u8dumAH2zF",rt kompasiana covid sebuah pandemi perusak kebahagiaan suporter httpstcoudumahzf,Surat Ditujukan Kepada Bupati-Wali Kota Se-Jabar: Ridwan Kamil Larang Perayaan Tahun Baru 2021 https://t.co/C77rZZPMGO,surat ditujukan kepada bupatiwali kota sejabar ridwan kamil larang perayaan tahun baru httpstcocrzzpmgo
30,RT @kompasiana: Pembelajaran Daring Membuat Anak Stress? https://t.co/mPYH4IkjJ9,rt kompasiana pembelajaran daring membuat anak stress httpstcompyhikjj,"Terjerat Prostitusi Online Artis Inisial TA Dinyatakan Sebagai Saksi, 3 Mucikari Diamankan Polisi https://t.co/uCedCzZw6z",terjerat prostitusi online artis inisial ta dinyatakan sebagai saksi mucikari diamankan polisi httpstcoucedczzwz
31,"Berdasarkan uji balistik, polisi menemukan kecocokan antara proyektil di TKP dengan dua senjata api yang diduga digunakan anggota laskar FPI. https://t.co/ZH9oYr6J26",berdasarkan uji balistik polisi menemukan kecocokan antara proyektil di tkp dengan dua senjata api yang diduga digunakan anggota laskar fpi httpstcozhoyrj,"Minus Shin Tae-yong, Timnas Indonesia U-19 Semangat TC di Hotel https://t.co/I9vb7knADe",minus shin taeyong timnas indonesia u semangat tc di hotel httpstcoivbknade
32,"3. Beberapa nama yang disebut-sebut bakal mengisi posisi Menteri Sosial antara lain Wali Kota Surabaya Tri Rismaharini hingga Wali Kota Surakarta FX. Rudy Hadyatmo. | #ReshuffleKabinet #Jokowi 
https://t.co/I8l5SMGTyk",beberapa nama yang disebutsebut bakal mengisi posisi menteri sosial antara lain wali kota surabaya tri rismaharini hingga wali kota surakarta fx rudy hadyatmo reshufflekabinet jokowi httpstcoilsmgtyk,"Salshabilla Adriani Tak Libatkan Orangtua di Insiden Kecelakaan, Sang Ibu: Polisi Aku Nggak Urusan https://t.co/e86yGpiQME",salshabilla adriani tak libatkan orangtua di insiden kecelakaan sang ibu polisi aku nggak urusan httpstcoeygpiqme
33,"Mantan mafia Lucchese, Anthony ""Gaspipe"" Casso, telah meninggal di balik jeruji besi setelah tertular Covid-19 - #Global https://t.co/4zeyHJZc0g",mantan mafia lucchese anthony gaspipe casso telah meninggal di balik jeruji besi setelah tertular covid global httpstcozeyhjzcg,"Resmi, Pemerintah Tetapkan Tarif Tertinggi Tes Rapid Antigen: Rp275.000 untuk Luar Pulau Jawa https://t.co/OKZ2v6fkI9",resmi pemerintah tetapkan tarif tertinggi tes rapid antigen rp untuk luar pulau jawa httpstcookzvfki
34,Tes urin dilakukan menjelang libur akhir tahun yang biasanya menuai lonjakan penumpang. https://t.co/YWP4qTNhsu,tes urin dilakukan menjelang libur akhir tahun yang biasanya menuai lonjakan penumpang httpstcoywpqtnhsu,"Terlibat Sebuah Kecelakaan Beruntun, Ibunda Salshabilla Adriani Beberkan Kondisi sang Putri https://t.co/yQHLitHgQj",terlibat sebuah kecelakaan beruntun ibunda salshabilla adriani beberkan kondisi sang putri httpstcoyqhlithgqj
35,"2. Peneliti Departemen Politik dan Perubahan Sosial CSIS Indonesia Noory Okthariza berpendapat, Presiden Jokowi sedang menunggu waktu yang kondusif pasca insiden penembakan Laskar FPI. | #ReshuffleKabinet #Jokowi
https://t.co/zbAjyfcqdP.",peneliti departemen politik dan perubahan sosial csis indonesia noory okthariza berpendapat presiden jokowi sedang menunggu waktu yang kondusif pasca insiden penembakan laskar fpi reshufflekabinet jokowi httpstcozbajyfcqdp,"Bubarkan Massa 1812 di Patung Kuda, Polisi: Kami Tak Segan-segan Memberi Tindakan Tegas!
#FPI #Massa1812 #Polisi

Selengkapnya: https://t.co/4oWBXriU68 via @YouTube",bubarkan massa di patung kuda polisi kami tak segansegan memberi tindakan tegas fpi massa polisi selengkapnya httpstcoowbxriu via youtube
36,"Label streetwear asal Indonesia, Thanksinsomnia, berkolaborasi dengan Ai Kizuna, V-tuber pertama di dunia asal Jepang. https://t.co/yyPu1XhoOJ",label streetwear asal indonesia thanksinsomnia berkolaborasi dengan ai kizuna vtuber pertama di dunia asal jepang httpstcoyypuxhooj,"Soal Hubungan Diplomatik dengan Israel, Puan Maharani: Indonesia Berdiri Menentang https://t.co/ZvF0DsAEM7",soal hubungan diplomatik dengan israel puan maharani indonesia berdiri menentang httpstcozvfdsaem
37,"1. Reshuffle kabinet sebenarnya bukan isu baru. Sebelum mencuatnya kasus dugaan korupsi yang menjerat Edhy Prabowo dan Juliari P Batubara, isu perombakan kabinet sempat santer berembus. | #ReshuffleKabinet #Jokowi 
https://t.co/kh4kXKIgEH",reshuffle kabinet sebenarnya bukan isu baru sebelum mencuatnya kasus dugaan korupsi yang menjerat edhy prabowo dan juliari p batubara isu perombakan kabinet sempat santer berembus reshufflekabinet jokowi httpstcokhkxkigeh,"Dapur Arsenal Benar-benar Tak Terkendali, Kiper The Gunners Ungkap Beban Arteta https://t.co/gRalWOgXMW",dapur arsenal benarbenar tak terkendali kiper the gunners ungkap beban arteta httpstcogralwogxmw
38,"{Thread} 

Soal Reshuffle, Jokowi Dinilai Tengah Menunggu Waktu yang Pas | #ReshuffleKabinet #Jokowi  

https://t.co/XiMvJWJOvF.",thread soal reshuffle jokowi dinilai tengah menunggu waktu yang pas reshufflekabinet jokowi httpstcoximvjwjovf,"Dapat Asimilasi, Vanessa Angel Akhirnya Bisa Hirup Udara Bebas https://t.co/PBy1loyyWU",dapat asimilasi vanessa angel akhirnya bisa hirup udara bebas httpstcopbyloyywu
39,"Seorang pria dibebaskan atas tuduhan pembunuhan pada 1988, setelah 20 tahun dipenjara dan diketahui ia dipaksa melakukan pengakuan palsu oleh polisi. https://t.co/W3QchixKeP",seorang pria dibebaskan atas tuduhan pembunuhan pada setelah tahun dipenjara dan diketahui ia dipaksa melakukan pengakuan palsu oleh polisi httpstcowqchixkep,"Tak Kunjung Bertemu Gegara Pandemi, Atta Halilintar Surati Sang Ibu di Malaysia untuk Minta Restu https://t.co/3BkW8xGlqw",tak kunjung bertemu gegara pandemi atta halilintar surati sang ibu di malaysia untuk minta restu httpstcobkwxglqw
40,Seorang ayah melaporkan pria berinisial AN karena mendapati foto bugil putrinya bersama terlapor di ponsel sang anak. https://t.co/N9cderM16q,seorang ayah melaporkan pria berinisial an karena mendapati foto bugil putrinya bersama terlapor di ponsel sang anak httpstconcdermq,"Macron Positif Covid-19, Presiden Xi Jinping Kirim Pesan: Semoga Cepat Sembuh https://t.co/o8BsnQltoI",macron positif covid presiden xi jinping kirim pesan semoga cepat sembuh httpstcoobsnqltoi
41,Empat ponsel itu diduga dicuri oleh seseorang yang sempat memasuki kantor kelurahan hingga terekam kamera CCTV. https://t.co/P4lQibwgbp,empat ponsel itu diduga dicuri oleh seseorang yang sempat memasuki kantor kelurahan hingga terekam kamera cctv httpstcoplqibwgbp,"Soal Oknum Peserta Aksi 1812 yang Bawa Ganja dan Samurai, Polisi: Ada Anggota yang Terluka https://t.co/OJk50EFPuO",soal oknum peserta aksi yang bawa ganja dan samurai polisi ada anggota yang terluka httpstcoojkefpuo
42,"Presiden Joko Widodo menyebut, dalam enam tahun terakhir pemerintah fokus pada pembangunan infrastruktur. https://t.co/w4NEDocCNh",presiden joko widodo menyebut dalam enam tahun terakhir pemerintah fokus pada pembangunan infrastruktur httpstcownedoccnh,"Menko Luhut Beri Bocoran Soal Pabrik Tesla: Tertarik, Awal Tahun akan Datang ke Indonesia https://t.co/uA4poD4YMC",menko luhut beri bocoran soal pabrik tesla tertarik awal tahun akan datang ke indonesia httpstcouapodymc
43,"Kapuspen Mabes TNI Mayjen TNI Achmad Riad mengatakan, TNI mendukung vaksinasi Covid-19 nasional yang telah dicanangkan Presiden Joko Widodo - #Nasional https://t.co/oF2GQTXkQZ",kapuspen mabes tni mayjen tni achmad riad mengatakan tni mendukung vaksinasi covid nasional yang telah dicanangkan presiden joko widodo nasional httpstcoofgqtxkqz,"Sampaikan Survei Keberhasilan Penanganan Covid, Riza Patria Sebut Kontribusi Tertinggi di Masyarakat https://t.co/NTYsbOxpQU",sampaikan survei keberhasilan penanganan covid riza patria sebut kontribusi tertinggi di masyarakat httpstcontysboxpqu
44,"Polisi membubarkan simpatisan pemimpin Front Pembela Islam (FPI) Rizieq Shihab yang menggelar aksi 1812 di Jakarta, Jumat (18/12/2020). https://t.co/XG9FrWkZmI",polisi membubarkan simpatisan pemimpin front pembela islam fpi rizieq shihab yang menggelar aksi di jakarta jumat httpstcoxgfrwkzmi,"Dikabarkan Belum Lunasi Tas Mahal untuk Amanda Manopo, Begini Respon dari Billy Syahputra https://t.co/ICvJDezlm0",dikabarkan belum lunasi tas mahal untuk amanda manopo begini respon dari billy syahputra httpstcoicvjdezlm
45,Presiden Joko Widodo beberapa kali melakukan perombakan (reshuffle) kabinet di hari Rabu Pon https://t.co/rHergLzWOf,presiden joko widodo beberapa kali melakukan perombakan reshuffle kabinet di hari rabu pon httpstcorherglzwof,"Niat Berunjuk Rasa di Monas, Puluhan Pengikut Rizieq Shihab Malah Diangkut Polisi ke Wisma Atlet https://t.co/zY3ceBOrC7",niat berunjuk rasa di monas puluhan pengikut rizieq shihab malah diangkut polisi ke wisma atlet httpstcozyceborc
46,Jokowi meminta lembaga pendidikan dan pesantren saling bekerja sama untuk menguatkan fondasi Pancasila para siswa dan santri. https://t.co/GhPwzUkJSg,jokowi meminta lembaga pendidikan dan pesantren saling bekerja sama untuk menguatkan fondasi pancasila para siswa dan santri httpstcoghpwzukjsg,"Victor Dethan, Pemain Keturunan yang Langsung Nyaman Main di Timnas Indonesia U-16 https://t.co/PFP7ZL8lI9",victor dethan pemain keturunan yang langsung nyaman main di timnas indonesia u httpstcopfpzlli
47,"Pasalnya, Vanessa masih berstatus sebagai terpidana atas kasus penyalahgunaan zat psikotropika. https://t.co/oDnNEsjvK3",pasalnya vanessa masih berstatus sebagai terpidana atas kasus penyalahgunaan zat psikotropika httpstcoodnnesjvk,"155 Pengikut Rizieq Shihab Diamankan, Polda Metro Jaya: Temuan Ganja dan Senjata Tajam Disita Polisi https://t.co/remq5322xM",pengikut rizieq shihab diamankan polda metro jaya temuan ganja dan senjata tajam disita polisi httpstcoremqxm
48,"Kasus pertama ditemukan Agustus lalu, ketika seorang pasien di Hong Kong positif virus corona untuk kedua kalinya. https://t.co/3JqvfeXPqg",kasus pertama ditemukan agustus lalu ketika seorang pasien di hong kong positif virus corona untuk kedua kalinya httpstcojqvfexpqg,"Di Tengah Aksi 1812, Polda Metro Jaya Sengaja Hadirkan 'Raisa' untuk Bantu Pukul Mundur Massa https://t.co/Kq06OaMWIg",di tengah aksi polda metro jaya sengaja hadirkan raisa untuk bantu pukul mundur massa httpstcokqoamwig
49,"RT @kompasiana: ""Ethical Choice"", Cara JAL Kurangi Limbah Makanan Sisa https://t.co/HUthPd2uki",rt kompasiana ethical choice cara jal kurangi limbah makanan sisa httpstcohuthpduki,"Ingin Seluruh Masyarakat Terima Divaksin, Jokowi: Saya Harapkan Semua Mau, Tidak Ada yang Menolak https://t.co/2AbXUdlT7C",ingin seluruh masyarakat terima divaksin jokowi saya harapkan semua mau tidak ada yang menolak httpstcoabxudltc
