,Kompascom,Pikiranrakyat
0,"Valentino Rossi menyindir tim teknisi Yamaha yang menurutnya ""keras kepala"". https://t.co/DbCnZDuahA",RESMI: Liga Primer Inggris Izinkan Klub Lakukan Pergantian Tambahan Khusus Pemain Gegar Otak https://t.co/srOTmSKmk0
1,RT @kompasiana: Sejarah Perjuangan Santri dan Tantangan Transformasi Digital https://t.co/Un1Le8Atcr,"Update Kasus Covid-19 di Indonesia per Kamis, 17 Desember 2020, +7.354 Kasus Dalam Sehari!

https://t.co/1mS3rZ7HdK… https://t.co/cNOYGjyUci"
2,"Satu studi kasus di mana seorang wanita yang alergi kacang bereaksi buruk terhadap air mani pacarnya, setelah dia m… https://t.co/v8soxRVgRE",Ayo Patuhi Protokol Kesehatan dan Jadi Agen Perubahan dengan Mencegah Timbulnya Klaster Keluarga!… https://t.co/R5S6MDCUdN
3,"WHO akan mengirim tim berisi 10 ilmuwan untuk menyelidiki asal usul virus corona di Wuhan, China, bulan depan -… https://t.co/zeB9uMbw4G","Manfaat Konsumsi Kayu Manis Bagi Tubuh, Mampu Cegah Diabetes https://t.co/zgRpwLA97L"
4,Rumah sakit darurat tersebut akan dibuka di STIKES Pemkab Jombang yang pernah digunakan sebagai rumah karantina bag… https://t.co/P3u8nX5CbQ,"Pekan Depan Akan Terjadi ""Tabrakan"" Dua Planet Besar di Tata Surya, Fenomena Super Langka https://t.co/7sRSIpPEQK"
5,RT @kompasiana: Jemu Komparasi https://t.co/BXFMIzzWpD,"Soal Aksi Minta Rizieq Shihab Dibebaskan, Arteria Dahlan: Hukum Tidak Boleh Diintervensi https://t.co/o5lq2qPj9N"
6,RT @kompasiana: Ketika Lagu Berbahasa Daerah Naik Daun https://t.co/ME8n4ntiaQ,"Artis dan Model Berinisial TA Diamankan Polda Jabar, Terkait Dugaan Kasus Prostitusi? https://t.co/xANzftkPJg… https://t.co/tmkpszFSk5"
7,RT @kompasiana: Misteri Paviliun Seroja https://t.co/XRMNRmY9u8,"TNI Turun Tangan Bantu Laksanakan Vaksinasi Covid-19, Wawasan Jadi Prioritas https://t.co/WsW0dAiMhb"
8,"RT @kompasiana: ""Dear Diary"" Bab 1: Bimbingan Konseling https://t.co/HZvAbwPlDz","Kepergok Berduaan dengan Pria di Hotel, Artis TA Ditangkap atas Kasus Dugaan Prostitusi https://t.co/yMKYNmOvH8"
9,RT @kompasiana: Coretan Abstrak Si Kecil Melukis Mimpi https://t.co/H3BrQYCE5x,Nasa Bagikan Potret Fenomena Lubang Hitam Supermasif yang Terjadi Puluhan Tahun Sekali https://t.co/BxpSAC7nhy
10,"Takut masalah semakin membesar, Andra kembali menyatakan permohonan maafnya kepada Chef Juna - #Hype https://t.co/e9isPTzGvZ","Kepergok Berduaan dengan Pria di Hotel, Artis TA Ditangkap atas Dugaan Kasus Prostitusi https://t.co/EKJ2OlMFFC"
11,“Tentunya kita harus bekerja sama dengan seluruh pihak termasuk bagaimana menyiapkan tenaga kesehatan di setiap dae… https://t.co/kF51CsIVLn,Vaksin Covid-19 Gratis Berpotensi Dijual di Pasar Gelap Indonesia https://t.co/G8R5PrZ3mQ
12,"Menurut Pasal 5 PP tersebut, LPI bertujuan untuk meningkatkan dan mengoptimalkan nilai investasi yang dikelola seca… https://t.co/1BhYCQTXkC","Fenomena Astronomi, 21 Desember 2020 Diprediksi Terjadi Konjungsi Dua Planet Besar di Tata Surya https://t.co/CFZymJ0rkt"
13,"Rey Mbayang sangat bahagia karena bakal menjadi ayah. Pasalnya, Dinda Hauw kini tengah mengandung anak buah cinta m… https://t.co/H5zVIy3KUj","Kabar Jelang Bursa Transfer Musim Dingin: Pogba Dipepet Juventus, Liverpool Bidik Renato Sanches https://t.co/droLI2amlG"
14,RT @kompasiana: Korupsi dan Revolusi Mental https://t.co/hZIE2K0qAF,Vaksinasi Covid-19 Gratis di Indonesia Disebut Bisa Berdampak ke Seluruh Dunia https://t.co/1CUkoHtnWF
15,RT @kompasiana: Vlog 15: Memanfaatkan Storyboard untuk Mengajar https://t.co/8YaKr2OdB0,"Tak Hanya Covid-19, Wiku Adisasmito Minta Semua Pihak Waspada Potensi Kemunculan Penyakit Lain https://t.co/TUzulaFGvu"
16,"Seorang ibu (53 tahun) dan anak (27 tahun) di India menikah pada hari dan tempat yang sama, di negara bagian Uttar… https://t.co/7EQ83SvzBW","Tandatangani MoU dengan KPK, Menteri Kesehatan Terawan Ungkap Alasannya https://t.co/VjlB6UXg2n"
17,"Muhdlor Ali-Subandi unggul tipis dari pasangan nomor urut 1, Bambang Harjo-Taufiqulbar yang mengantongi 373.516 sua… https://t.co/NGrAgnY0hG",Pastikan Bawa Surat Ini Agar Bisa Bepergian Memakai Kereta Api pada Masa Pandemi Covid-19 https://t.co/VUgbTzPcpw
18,"Presiden Joko Widodo memilih jaket yang baru dirilis, authentic series warna terakota seharga Rp 499.000. Simak kis… https://t.co/zI0Ug2DCzs","Ungkap Dana yang Dikeluarkan untuk Vaksin Gratis, DPR RI: Tanggung Jawab Negara https://t.co/3Os9EasBpf… https://t.co/3HqORCnAj5"
19,Karim Benzema terbukti mampu menutup lubang yang ditinggalkan Cristiano Ronaldo di Real Madrid. https://t.co/zDS9HOs3qp,"Bantuan Subsidi Bagi Pekerja Buruh Lanjut Tahun Depan, Ini Kata Menaker Ida Fauziyah https://t.co/WPi5dk66ME"
20,"Mantan pebalap Ducati, Andrea Dovizioso, melihat ada dua faktor penting yang membuat Joan Mir sukses menjuarai Moto… https://t.co/5lHuSzn5eY","Jadwal Liga Inggris Matchweek 14 Akhir Pekan Ini, Ada Everton vs Arsenal, Link Live Streaming https://t.co/BMRB0Lre7T"
21,"Rey Mbayang sangat bahagia karena bakal menjadi ayah. Pasalnya, Dinda Hauw kini tengah mengandung anak buah cinta m… https://t.co/tLRa2wn1ZQ","Jangan Abai, Air Sangat Penting pada Masa Pandemi Covid-19 https://t.co/is8r8D5dUO"
22,"Lewat unggahan video hasil USG, Dinda Hauw umumkan kehamilannya. Dinda dan Rey Mbayang kini menjadi calon ayah dan… https://t.co/uA0rVqEz8t","Sesosok Mayat Ditemukan di Dekat TPS, Gegerkan Warga Jayaraga https://t.co/BcYDjy4J1U"
23,RT @kompasiana: Bioteknologi Tanaman Rotan (Calamus thwaitesii(i)): Potensi Agroforestri dan Restorasi Ekosistem https://t.co/7VUPgJGtt6,"Malaysia Lakukan Lockdown Karena Covid-19, Perajin Sale Pisang Gigit Jari https://t.co/wcALN9CC6v"
24,RT @kompasiana: Siapa Racunnya? https://t.co/OU0SPFY6ng,Kisruh Perebutan Harta Warisan dengan Teddy Buat Putri Delina Jatuh Sakit? Ini Kata Sule https://t.co/bEeSzK9lE7
25,RT @kompasiana: Saat Malam Menyergap Sesosok Bayangan https://t.co/tR4Tl7PQOP,Skuad Persib U-15 Dapat Ilmu dari Shohei Matsunaga https://t.co/VI9FrzG5Dh
26,RT @kompasiana: Diary Incovid Part-5 (Ruang Isolasi) https://t.co/1hHpFDKmTQ,"Perdana Lihat Adam Suseno Tanpa Kumis, Inul Daratista: Terkejut https://t.co/fDb3SzCIUm"
27,RT @kompasiana: Isyarat Malam https://t.co/wSUp0pEvC8,"Presiden Prancis Emmanuel Macron Positif Covid-19, Istana: Hasil PCR Usai Muncul Gejala Pertama… https://t.co/tx4JZRuiBi"
28,"Sebelum terpapar corona, keluarga BWT mengikuti hajatan pernikahan. https://t.co/HmYLsO7N2d",Kementerian Kesehatan Luncurkan Mobil Vaksin Upaya Pengendalian Covid-19 https://t.co/eqQdPvu8F5
29,"Merek teh lokal di Indonesia yang berkualitas tinggi di antaranya Havel Tea, TEMA Tea, Havilla Tea, TEMA Tea, dan S… https://t.co/1L4MxhWTat","Pelatih Persib Begadang Demi Nonton Liverpool vs Tottenham, Akui Dapat Banyak Ilmu https://t.co/8g6ehHVx9F"
30,"Akhirnya tunjukkan kemesraan dan hubungannya dengan Lesti Kejora, Rizky Billar sebut settingan Tuhan lebih indah https://t.co/xuGaTQS72y","Babak Baru Kasus Pembunuhan Ibu Hamil di Bus Cikarang-Kampung Rambutan, Pihak Kepolisian Buka Suara https://t.co/46uXwWY7ux"
31,RT @kompasiana: Puisi | Tentang Syukurku https://t.co/9ZGlNZUYIe,"Sahrul Gunawan Terbaring Lemas di RS hingga Pakai Alat Bantu Pernapasan, Rossa: Cepet Sembuh Alul! https://t.co/ZzdQUU1xQ5"
32,"RT @kompasiana: Meski Wirausaha Sedang Ngos-ngosan, Kami Tetap Mempertahankan Karyawan https://t.co/ADhlyw41UJ","Polisi Temukan Kotak Amal yang Diduga Danai Terorisme, Kemenag: Kita Evaluasi Lembaga Amil Zakat https://t.co/6Vj2KbjmFy"
33,RT @kompasiana: Dari Sumur Resapan hingga Mengumpulkan Jelantah untuk Jaga Lingkungan https://t.co/BzYgyARRN5,"10 Mobil Listrik Toyota Bakal Meluncur di Indonesia, Ada yang Diproduksi di Karawang https://t.co/iJ4noAGRTP"
34,RT @kompasiana: Vaksin Gratis dan 5 Tipe Orang Menyikapinya https://t.co/VVaH6oFfKg,"Polres Karawang Larang Keramaian di Malam Pergantian Tahun, Termasuk Dangdutan di Kampung-kampung https://t.co/C58FAmQt5r"
35,RT @kompasiana: Memaknai Hujan dalam Kehidupan Manusia https://t.co/vWGZHR2n53,"WHO Sebut Pandemi Covid-19 Masih Terjadi Sampai 2022, Ini Respons 'Adem' dari Christine Hakim https://t.co/uqHDN7TUhy"
36,Gubernur DIY Sri Sultan HB X mengancam bakal menutup hotel dan tempat wisata yang jadi lokasi penularan Covid-19 pa… https://t.co/dsiJrnrBr6,Uu Ruzhanul Ulum Minta Tensi Pilkada Tasikmalaya Diturunkan https://t.co/xsRM8AFVSB
37,Para pendatang yang akan masuk ke Jawa Tengah pada libur akhir tahun diwajibkan mengantongi hasil negatif Covid-19… https://t.co/nQ4JP7ZQ7d,"Densus 88 dan Mabes Polri Lakukan Penyelidikan Terkait Kotak Amal Untuk Dana Teroris
https://t.co/Jss46LRXyx 

#ji… https://t.co/LaA7fE5L8o"
38,"Cara potong jeruk nipis, belah menjadi 3 bagian besar lalu masing-masing iris jadi 3 bagian kecil. Tujuannya agar a… https://t.co/48NBz52pJT","Kabar Gembira, Google Stadia Resmi Diluncurkan di iPhone dan iPad https://t.co/POYqs4a8Ra"
39,"Empat negara yakni Qatar, Arab Saudi, India, dan Uzbekistan bersaing dengan Iran untuk menjadi tuan rumah Piala Asi… https://t.co/3Y3Vgo4OjC","Beredar 37 Nama Terduga Teroris Berlatar Belakang FPI, Benny Mamoto: Kasus Lama Sudah Divonis https://t.co/7DPg6aNP0V"
40,"""Kejadian itu sekitar pukul 15.30 WIB, saat mereka (anggota Brimob) mau pulang ke Palembang usai tugas BKO di Kerin… https://t.co/pMOyW4sfRZ","Toyota Mulai Produksi Mobil Listrik Tahun 2022 di Indonesia, Mobil Apa? https://t.co/DKowsPadj9"
41,Sutradara Joko Anwar inisiasi penggalangan dana untuk membantu perempuan korban kekerasan lewat laman… https://t.co/uNwqK6cnpt,"Berlanjut Panas di Luar Lapangan, Trent Alexander-Arnold Sindir Balik Jose Mourinho https://t.co/ES2fyRPspZ"
42,"Anggota Bawaslu Ratna Dewi Pettalolo mengungkapkan, hingga 12 Desember 2020, tercatat ada 4.250 dugaan pelanggaran… https://t.co/hsvWll4nJD","Kritik Ridwan Kamil yang Seret Nama Mahfud MD, Muannas Alaidid: Gubernur Tak Bisa Kelola Masalah https://t.co/Ftx2RH5RdC"
43,Kehadiran masjid di Rest Area KM 88 A Ruas Cipularang ini sangat bermanfaat bagi pengunjung rest area yang hendak m… https://t.co/0OgogdFAPS,"Jumlah Kasus Positif Covid-19 Melesat, Pemkot Tasikmalaya Tekankan ASN Sakit Bekerja di Rumah https://t.co/JBS6zHk4Vn"
44,Cuitan antara keduanya masih menunjukkan rendahnya pemahaman tata kelola komunikasi dan birokrasi di lembaga pemeri… https://t.co/deeSweQTjV,"Polres Karawang Larang Keramain di Malam Pergantian Tahun, Termasuk Dangdutan di Kampung-kampung https://t.co/J86Jl9GYvf"
45,Pasangan calon Andrei Angouw-Richard Sualang (AARS) unggul atas lawan-lawannya di Pilkada Manado 2020. https://t.co/NrzNVJ4C66,"Pemkot Tasikmalaya Larang Perayaan Nataru, Polisi Terjunkan Ratusan Personel Pengamanan https://t.co/JX3mYzWuIv"
46,"Berdasarkan data real count di situs KPU tersebut, Juandi-Eusabius mengantongi atau 37,3 persen atau 48.926 suara. https://t.co/g1ySCDnn0f",10 Negara Bagian AS Tuduh Google Bersekongkol dengan Facebook untuk Tingkatkan Bisnis Iklan https://t.co/Otpri0F6Nc
47,Tom Cruise marah besar kepada kru di lokasi syuting Mission: Impossible 7 setelah mereka melanggar protokol pencega… https://t.co/g7YXvG1Sci,"Jelang Sheffield United vs Man Utd, Edinson Cavani Disanksi FA https://t.co/eWTxBROI6R"
48,"""Jumlahnya 2.690 personel untuk pengamanan Ibu Kota. Saat ini mereka sudah sampai di Jakarta,” https://t.co/2EpL26QPkZ","Presiden Prancis Emmanuel Macron Positif Covid-19, Istana: Hasil PCR Usai Muncul Gejala Pertama https://t.co/dXJNOjEONf"
49,Para wisatawan yang membatalkan kunjungannya kebanyakan mereka yang memesan untuk periode libur Natal dan Tahun Bar… https://t.co/JmJjvcQ8Hu,"WHO Sebut Pandemi Covid-19 Masih Terjadi Sampai 2022, Ini Respon 'Adem' dari Christine Hakim https://t.co/29BqyOOCHe"
